	chr	pos	ref	alt	gene	snpEffect	snpVariant	snpImpact	mu:wt_GTpred	wt_alt	wt_ref	mu_alt	mu_ref	ratio	yhat	peak
64	1	23066354	C	T	STM:AT1G08517:STM-AT1G08517	upstream_gene_variant:upstream_gene_variant:intergenic_region		MODIFIER:MODIFIER:MODIFIER	1/1:0/1	3	29	14	9	0.5149456521739131	0.5150121616613711	1
68	1	25735503	C	T	XYL1:AT1G08993	stop_gained:downstream_gene_variant	p.Trp560*:NaN	HIGH:MODIFIER	1/1:0/1	0	23	25	10	0.7142857142857143	0.7001520279874325	1
69	1	25753598	C	T	AT1G68580:AT1G68580:AT1G68580:AT1G68580:AT1G68580:AT1G08997:AT1G68585:NPF3.1:AT1G68590:NPF3.1:AT1G68590	missense_variant:missense_variant:missense_variant:missense_variant:missense_variant:upstream_gene_variant:upstream_gene_variant:downstream_gene_variant:downstream_gene_variant:downstream_gene_variant:downstream_gene_variant	p.Ala102Val:p.Ala6Val:p.Ala102Val:p.Ala56Val:p.Ala6Val:NaN	MODERATE:MODERATE:MODERATE:MODERATE:MODERATE:MODIFIER:MODIFIER:MODIFIER:MODIFIER:MODIFIER:MODIFIER	1/1:0/1	0	29	22	10	0.6875	0.7013979527203942	1
71	1	26924673	CT	C	PCMP-H70:AT1G09247:TFCE:ERF021:AT1G71430:PCMP-A3:TFCE-ERF021	upstream_gene_variant:upstream_gene_variant:upstream_gene_variant:upstream_gene_variant:downstream_gene_variant:downstream_gene_variant:intergenic_region		MODIFIER:MODIFIER:MODIFIER:MODIFIER:MODIFIER:MODIFIER:MODIFIER	0/1:0/0	15	7	16	0	0.3181818181818182	0.6336038861791683	1
72	1	28918247	C	T	IDL5:AT1G76955:AT1G76960:AT1G76965:TOL4:TOL4:TOL4:TOL4:TOL4:TOL4:TOL4:AT1G76954	upstream_gene_variant:downstream_gene_variant:downstream_gene_variant:downstream_gene_variant:downstream_gene_variant:downstream_gene_variant:downstream_gene_variant:downstream_gene_variant:downstream_gene_variant:downstream_gene_variant:downstream_gene_variant:intron_variant		MODIFIER:MODIFIER:MODIFIER:MODIFIER:MODIFIER:MODIFIER:MODIFIER:MODIFIER:MODIFIER:MODIFIER:MODIFIER:MODIFIER	1/1:0/1	2	32	11	8	0.5201238390092879	0.5200824291000906	1
86	2	2137404	T	C	ACO3:AT2G05655-ACO3	upstream_gene_variant:intergenic_region		MODIFIER:MODIFIER	1/1:0/1	0	1	3	2	0.6	0.6	1
106	2	4243858	C	T	AT2G05585-AT2G10625	intergenic_region		MODIFIER	0/1:0/0	1	3	5	0	0.75	0.75	1
112	2	4491669	GAGTTCGTCCGAGACGAGGTCGGCGGCGTCGCCGCCGCGAGTGCAAAGACGCGTCATAATTTTAGGCAGAATGGGTCC	G	AT2G11270-AT2G11405	intergenic_region		MODIFIER	1/1:0/1	0	2	9	2	0.8181818181818181	0.8181818181818181	1
124	2	4844935	G	A	AT2G11910-AT2G05665	intergenic_region		MODIFIER	0/1:0/0	2	2	2	0	0.5	0.5	1
170	3	9861861	TTTAGACCAACTCCAACGGGAGTTTCTCATAAAATTTCTCACCAATAAAATAAGAAAAAAAATGTCAAAAGGAGGAAAGAGGTAAGGGAAAGTTTCTCTTTAGAGAAACTCATCGACAACGTTTCTCACAGTTGTCATTCAATCATTGGTTTAATTAAAATACTTTTCAATTAAATATTAATAATATTTATGTTCACACTTATATTTATGTTCACACATATATTGAGAAACGGAAGTTGAGAAATTGCCGTTGCTGATGCTC	T	AT3G05085:AT3G26800:AT3G05085-AT3G26800	upstream_gene_variant:upstream_gene_variant:intergenic_region		MODIFIER:MODIFIER:MODIFIER	1/1:0/1	0	11	3	7	0.30000000000000004	0.3563039104699911	1
176	3	11542189	C	T	AT3G29690:AT3G29690-AT3G29720	upstream_gene_variant:intergenic_region		MODIFIER:MODIFIER	0/1:0/0	2	2	2	0	0.5	0.4402104123841497	1
177	3	11709011	C	T	AT3G29796	intron_variant		MODIFIER	0/1:0/0	3	2	8	0	0.4	0.43787351183824935	1
185	3	12223136	C	T	AT3G30580-AT3G06055	intergenic_region		MODIFIER	0/1:0/0	9	4	10	0	0.3076923076923077	0.4497612656262214	1
188	3	12469912	T	C	AT3G06095-AT3G30805	intergenic_region		MODIFIER	0/1:0/0	1	1	1	0	0.5	0.4527666605684748	1
190	3	12485373	T	C	AT3G30805:AT3G06095-AT3G30805	downstream_gene_variant:intergenic_region		MODIFIER:MODIFIER	0/1:0/0	2	2	2	0	0.5	0.4535154038290941	1
191	3	12485376	G	A	AT3G30805:AT3G06095-AT3G30805	downstream_gene_variant:intergenic_region		MODIFIER:MODIFIER	0/1:0/0	2	2	2	0	0.5	0.4535155765793603	1
193	3	12620041	C	T	AT3G30845:ABCG38-AT3G30845	downstream_gene_variant:intergenic_region		MODIFIER:MODIFIER	0/1:0/0	4	3	2	0	0.42857142857142855	0.46666923329194765	1
200	3	13148976	G	A	AT3G32150:AT3G32160:AT3G32160-AT3G32180	downstream_gene_variant:downstream_gene_variant:intergenic_region		MODIFIER:MODIFIER:MODIFIER	0/1:0/0	4	3	4	0	0.42857142857142855	0.5104134174026758	1
202	3	13192172	GT	G	AT3G32200-AT3G32260	intergenic_region		MODIFIER	0/1:0/0	2	2	3	0	0.5	0.5097050844554937	1
203	3	13192322	G	A	AT3G32200-AT3G32260	intergenic_region		MODIFIER	0/1:0/0	3	4	14	0	0.5714285714285714	0.509708963914533	1
206	3	13260617	A	G	AT3G32280-AT3G32330	intergenic_region		MODIFIER	1/1:0/1	0	3	3	2	0.6	0.516439029818767	1
214	3	13519892	T	C	AT3G32960-PER32	intergenic_region		MODIFIER	0/1:0/0	3	2	1	0	0.4	0.5508095613845521	1
216	3	13803111	T	C	PER32-AT3G06315	intergenic_region		MODIFIER	0/1:0/0	1	1	12	0	0.5	0.5607947471242697	1
217	3	13803121	TCCC	T	PER32-AT3G06315	intergenic_region		MODIFIER	0/1:0/0	1	2	12	0	0.6666666666666666	0.5607961967378969	1
218	3	13803166	C	T	PER32-AT3G06315	intergenic_region		MODIFIER	1/1:0/1	0	2	9	2	0.8181818181818181	0.5608027209481239	1
219	3	13803172	T	C	PER32-AT3G06315	intergenic_region		MODIFIER	1/1:0/1	0	2	8	2	0.8	0.560803590960102	1
220	3	13956904	G	A	AT3G06315-AT3G33187	intergenic_region		MODIFIER	0/1:0/0	1	1	1	0	0.5	0.541228349573846	1
221	3	13956905	A	G	AT3G06315-AT3G33187	intergenic_region		MODIFIER	0/1:0/0	1	1	1	0	0.5	0.5412279313275679	1
222	3	13956913	C	T	AT3G06315-AT3G33187	intergenic_region		MODIFIER	0/1:0/0	1	1	2	0	0.5	0.5412245854365866	1
223	3	13966945	C	T	AT3G06315-AT3G33187	intergenic_region		MODIFIER	0/1:0/0	1	1	1	0	0.5	0.53714399696427	1
225	3	14048120	A	G	AT3G33494-AT3G33528	intergenic_region		MODIFIER	0/1:0/0	2	2	3	0	0.5	0.5200272326203185	1
232	3	14272832	T	C	AT3G42060-AT3G42075	intergenic_region		MODIFIER	0/1:0/0	1	2	6	0	0.6666666666666666	0.5705302364135709	1
233	3	14337044	G	A	AT3G06375-AT3G42310	intergenic_region		MODIFIER	0/1:0/0	4	2	6	0	0.3333333333333333	0.45421699588977166	1
234	3	14390111	G	A	AT3G06375-AT3G42310	intergenic_region		MODIFIER	0/1:0/0	4	2	2	0	0.3333333333333333	0.3567627076337931	1
235	3	14390118	G	A	AT3G06375-AT3G42310	intergenic_region		MODIFIER	0/1:0/0	4	2	2	0	0.3333333333333333	0.356762008267693	1
236	3	14390499	C	T	AT3G06375-AT3G42310	intergenic_region		MODIFIER	0/1:0/0	4	2	8	0	0.3333333333333333	0.3567362208017087	1
237	3	14414695	T	G	AT3G06375-AT3G42310	intergenic_region		MODIFIER	0/1:0/0	1	2	1	0	0.6666666666666666	0.3709638438579015	1
240	3	14483741	T	C	AT3G42310-AT3G42390	intergenic_region		MODIFIER	0/1:0/0	4	2	2	0	0.3333333333333333	0.4681947174827616	1
241	3	14521591	A	G	AT3G42390:AT3G42390-AT3G06385	upstream_gene_variant:intergenic_region		MODIFIER:MODIFIER	0/1:0/0	4	3	5	0	0.42857142857142855	0.5279101844815506	1
242	3	14521593	T	C	AT3G42390:AT3G42390-AT3G06385	upstream_gene_variant:intergenic_region		MODIFIER:MODIFIER	0/1:0/0	4	3	5	0	0.42857142857142855	0.5279134987981675	1
243	3	14521623	G	A	AT3G42390:AT3G42390-AT3G06385	upstream_gene_variant:intergenic_region		MODIFIER:MODIFIER	0/1:0/0	4	2	3	0	0.3333333333333333	0.5279632163430994	1
244	3	14521998	T	G	AT3G42390:AT3G42390-AT3G06385	upstream_gene_variant:intergenic_region		MODIFIER:MODIFIER	0/1:0/0	1	2	1	0	0.6666666666666666	0.5285851321256906	1
245	3	14521999	T	C	AT3G42390:AT3G42390-AT3G06385	upstream_gene_variant:intergenic_region		MODIFIER:MODIFIER	0/1:0/0	1	2	1	0	0.6666666666666666	0.5285867916839057	1
247	3	14542605	C	CG	AT3G06385:AT3G06385-LCR47	downstream_gene_variant:intergenic_region		MODIFIER:MODIFIER	1/1:0/1	0	1	3	1	0.75	0.5642921751299801	1
253	3	14961889	CCATGAGT	C	PRK3:PRK3-AT3G42940	downstream_gene_variant:intergenic_region		MODIFIER:MODIFIER	0/1:0/0	4	2	2	0	0.3333333333333333	0.33591296787195407	1
447	5	10768605	G	A	AT5G28690-AT5G28720	intergenic_region		MODIFIER	0/1:0/0	9	4	11	0	0.3076923076923077	0.36149946431638347	1
456	5	11247565	T	G	AT5G29560-AT5G29613	intergenic_region		MODIFIER	0/1:0/0	3	2	5	0	0.4	0.44273043516492133	1
457	5	11248259	A	G	AT5G29560-AT5G29613	intergenic_region		MODIFIER	1/1:0/1	0	1	3	2	0.6	0.44265175901997267	1
458	5	11266273	C	T	AT5G29560-AT5G29613	intergenic_region		MODIFIER	0/1:0/0	3	2	8	0	0.4	0.4366214038996869	1
459	5	11266278	T	G	AT5G29560-AT5G29613	intergenic_region		MODIFIER	0/1:0/0	3	2	8	0	0.4	0.43661869563750916	1
460	5	11266302	C	T	AT5G29560-AT5G29613	intergenic_region		MODIFIER	0/1:0/0	3	2	7	0	0.4	0.4366057014134531	1
461	5	11320491	G	A	AT5G04935:AT5G29624-AT5G04935	downstream_gene_variant:intergenic_region		MODIFIER:MODIFIER	1/1:0/1	0	2	1	1	0.5	0.41939275538062476	1
467	5	11438643	G	A	AT5G30495-AT5G04945	intergenic_region		MODIFIER	0/1:0/0	4	2	3	0	0.3333333333333333	0.4013275461804435	1
470	5	11709921	A	G	AT5G04965-AT5G04975	intergenic_region		MODIFIER	0/1:0/0	2	2	1	0	0.5	0.47613192579553393	1
473	5	11728490	T	C	AT5G04965-AT5G04975	intergenic_region		MODIFIER	0/1:0/0	2	3	1	0	0.6	0.47969328448957294	1
477	5	11758429	G	A	AT5G04975:AT5G04975-AT5G32017	upstream_gene_variant:intergenic_region		MODIFIER:MODIFIER	0/1:0/0	5	5	7	0	0.5	0.49320414939454954	1
478	5	11767488	A	AAG	AT5G04975-AT5G32017	intergenic_region		MODIFIER	0/1:0/0	5	3	11	0	0.375	0.49524466311199605	1
479	5	11929412	T	C	AT5G04995-AT5G05005	intergenic_region		MODIFIER	0/1:0/0	2	3	5	0	0.6	0.47749144749953726	1
480	5	11932304	G	A	AT5G04995-AT5G05005	intergenic_region		MODIFIER	0/1:0/0	4	3	3	0	0.42857142857142855	0.47784768126149363	1
481	5	11933427	A	G	AT5G04995-AT5G05005	intergenic_region		MODIFIER	1/1:0/1	0	1	3	3	0.5	0.47798782012533586	1
483	5	11959253	ACG	A	AT5G05005-AT5G32440	intergenic_region		MODIFIER	1/1:0/1	0	3	2	3	0.4	0.48120525655619073	1
493	5	12037301	T	C	AT5G05005-AT5G32440	intergenic_region		MODIFIER	0/1:0/0	2	2	16	0	0.5	0.4967815109164023	1
495	5	12131343	T	C	TH2-AT5G32590	intergenic_region		MODIFIER	0/1:0/0	2	2	5	0	0.5	0.5260753870040316	1
501	5	12138329	A	C	TH2-AT5G32590	intergenic_region		MODIFIER	1/1:0/1	0	1	2	2	0.5	0.5282410895227561	1
503	5	12218352	C	T	AT5G32590:TH2-AT5G32590	downstream_gene_variant:intergenic_region		MODIFIER:MODIFIER	0/1:0/0	1	2	4	0	0.6666666666666666	0.5537277762075445	1
504	5	12218363	A	G	AT5G32590:TH2-AT5G32590	downstream_gene_variant:intergenic_region		MODIFIER:MODIFIER	0/1:0/0	2	2	5	0	0.5	0.5537314345385307	1
505	5	12790369	G	A	AT5G33806:AT5G33898:AT5G33898-AT5G34581	downstream_gene_variant:downstream_gene_variant:intergenic_region		MODIFIER:MODIFIER:MODIFIER	1/1:0/1	0	3	2	2	0.5	0.4338165581793832	1
506	5	12852832	T	G	AT5G33898-AT5G34581	intergenic_region		MODIFIER	0/1:0/0	3	2	2	0	0.4	0.424763191027153	1
508	5	12878560	T	G	AT5G33898-AT5G34581	intergenic_region		MODIFIER	0/1:0/0	26	13	27	0	0.3333333333333333	0.4209442316471403	1
519	5	13232054	ACCGCGGGTTAAAATCTAG	A	AT5G34930:AT5G34930:AT5G34930:AtGUS3:AtGUS3:AtGUS3:AtGUS3:AT5G34908-AT5G34930	upstream_gene_variant:upstream_gene_variant:upstream_gene_variant:downstream_gene_variant:downstream_gene_variant:downstream_gene_variant:downstream_gene_variant:intergenic_region		MODIFIER:MODIFIER:MODIFIER:MODIFIER:MODIFIER:MODIFIER:MODIFIER:MODIFIER	1/1:0/1	0	4	2	3	0.4	0.368937059123014	1
